{
  "Bus": [
    {
      "id": 111,
      "sourceStation": "Delhi",
      "destinationStation": "Lucknow",
      "boardingTime": "2020 03 10 5 29",
      "dropTime": "2020, 03, 10, 5, 29",
      "busType": "Volvo",
      "totalSeats": 35,
      "fare": 900,
      "SeatNo": 16,
      "seatsBooked": 11
    },
    {
      "id": 110,
      "sourceStation": "Delhi",
      "destinationStation": "Lucknow",
      "boardingTime": "2020 03 10 5 31",
      "dropTime": "2020, 03, 10, 5, 31",
      "busType": "Aolvo",
      "totalSeats": 34,
      "fare": 800,
      "SeatNo": 16,
      "seatsBooked": 10
    },
    {
      "id": 140,
      "sourceStation": "Delhi",
      "destinationStation": "Lucknow",
      "boardingTime": "2020 03 10 5 30",
      "dropTime": "2020, 03, 10, 5, 30",
      "busType": "AC BUS",
      "totalSeats": 40,
      "fare": 950,
      "SeatNo": 16,
      "seatsBooked": 11
    },
    {
      "id": 120,
      "sourceStation": "Mumbai",
      "destinationStation": "Pune",
      "boardingTime": "2020 03 10 5 30",
      "dropTime": "2020, 03, 10, 5, 29",
      "busType": "AC Bus",
      "totalSeats": 40,
      "fare": 1200,
      "SeatNo": 17,
      "seatsBooked": 4
    },
    {
      "id": 109,
      "sourceStation": "Delhi",
      "destinationStation": "Gandhinagar",
      "boardingTime": "2020 03 10 5 29",
      "dropTime": "2020, 03, 10, 5, 29",
      "busType": "Non-AC Bus",
      "totalSeats": 44,
      "fare": 1050,
      "SeatNo": 18,
      "seatsBooked": 0
    },
    {
      "id": 112,
      " sourceStation": "Talawade",
      "destinationStation": "Ahmednagar",
      "boardingTime": "2020 03 10 5 29",
      "dropTime": "2020, 03, 10, 5, 29",
      "busType": "Double-Decker",
      "totalSeats": 47,
      "fare": 500,
      "SeatNo": 2,
      "seatsBooked": 12
    }
  ],
  "Customer": [
    {
      "customerName": "Shivam Singh",
      "customerPhoneNumber": "8563030333",
      "customerEmail": "shivamsingh7455@gmail.com",
      "id": 1273,
      "customerUserName": "Shivam2610",
      "customerPassword": "Shivam2610"
    },
    {
      "customerName": "Amaan Ahmad",
      "customerPhoneNumber": "7894561235",
      "customerEmail": "amaan.ahmad7@gmail.com",
      "id": 1231,
      "customerUserName": "amaahmad",
      "customerPassword": "amaan123",
      "Age": 23
    },
    {
      "customerName": "Yash Bhatia",
      "customerPhoneNumber": "7984651324",
      "customerEmail": "yash.bhatia@gmail.com",
      "id": 1241,
      "customerUserName": "ybhatia",
      "customerPassword": "y@$hbhatia",
      "Age": 23
    },
    {
      "customerName": "Shivani Sharma",
      "customerPhoneNumber": "7964581325",
      "customerEmail": "shivani.sharma@gmail.com",
      "id": 1272,
      "customerUserName": "ssharma",
      "customerPassword": "shivani1235",
      "Age": 23
    },
    {
      "customerName": "Shivam",
      "customerPhoneNumber": 9891374307,
      "customerEmail": "shivamsingh@gmail.com",
      "id": 100,
      "customerUserName": "Shivam2610",
      "customerPassword": "Shivam@123",
      "age": 23
    },
    {
      "customerName": "Shivam",
      "customerPhoneNumber": 9891374307,
      "customerEmail": "shivamsingh455@gmail.com",
      "id": 1274,
      "customerUserName": "Shivam2611",
      "customerPassword": "Shivam2512",
      "age": 23
    },
    {
      "customerName": "Shubham",
      "customerPhoneNumber": 9891374307,
      "customerEmail": "Shubham",
      "id": 1275,
      "customerUserName": "Shivam26",
      "customerPassword": "Shivam@123",
      "age": 23
    }
  ],
  "Booking": [
    {
      "id": 1,
      "busId": 111,
      "passengerEmail": "shivam@gmail.com",
      "passengerNames": [
        "Amaan",
        "Rohan",
        "Rohit",
        "Aman",
        "Ram"
      ],
      "seatsBooked": 5,
      "totalFare": 5445,
      "feedBack": "good",
      "rating": 5
    },
    {
      "id": 2,
      "busId": 111,
      "passengerNames": [
        "Yash",
        "Rohan",
        "Rohit",
        "Aman",
        "Ram",
        "Neelesh"
      ],
      "seatsBooked": 6,
      "passengerEmail": "shivam@gmail.com",
      "totalFare": 4567,
      "feedBack": "good",
      "rating": 5
    },
    {
      "id": 3,
      "busId": 120,
      "passengerNames": [
        "Shivani",
        "Rohan",
        "Rohit",
        "Aman"
      ],
      "seatsBooked": 4,
      "passengerEmail": "shivam@gmail.com",
      "totalFare": 4567,
      "feedBack": "good",
      "rating": 5
    },
    {
      "id": 4,
      "busId": 112,
      "passengerNames": [
        "Sumit",
        "Rohan",
        "Rohit",
        "Aman",
        "Ram"
      ],
      "seatsBooked": 5,
      "passengerEmail": "shivam@gmail.com",
      "totalFare": 4500,
      "feedBack": "good",
      "rating": 5
    },
    {
      "id": 5,
      "busId": 112,
      "passengerNames": [
        "Amaan",
        "Rohan",
        "Rohit",
        "Aman",
        "Ram"
      ],
      "seatsBooked": 4,
      "passengerEmail": "shivam@gmail.com",
      "totalFare": 5000,
      "feedBack": "good",
      "rating": 5
    },
    {
      "id": 6,
      "busId": 111,
      "passengerNames": [
        "Shivam",
        "Amman",
        "Yash",
        "",
        ""
      ],
      "seatBooked": 3,
      "passengerEmail": "shivam@gmail.com",
      "totalFare": 2700,
      "feedBack": "null",
      "rating": 0
    },
    {
      "id": 10,
      "busId": 111,
      "passengerNames": [
        "Neha"
      ],
      "seatBooked": 1,
      "passengerEmail": "shivamsingh7455@gmail.com",
      "totalFare": 900,
      "feedBack": "null",
      "rating": 0
    },
    {
      "id": 11,
      "busId": 111,
      "passengerNames": [
        "Ayushi"
      ],
      "seatBooked": 1,
      "passengerEmail": "shivamsingh7455@gmail.com",
      "totalFare": 900,
      "feedBack": "null",
      "rating": 0
    },
    {
      "id": 12,
      "busId": 140,
      "passengerNames": [
        "Shivam"
      ],
      "seatBooked": 1,
      "passengerEmail": "shivamsingh7455@gmail.com",
      "totalFare": 950,
      "feedBack": "null",
      "rating": 0
    }
  ]
}